sample_name	library_name	sample_alias	osf_id
ERR458584	mutant	mu_sample85	sjth3
ERR458585	mutant	mu_sample86	4v3c9
ERR458586	mutant	mu_sample87	4yvw5
ERR458587	mutant	mu_sample88	3vth5
ERR458588	mutant	mu_sample89	yvmnu
ERR458589	mutant	mu_sample90	8hx6z
ERR458590	mutant	mu_sample91	wg9ks
ERR458829	mutant	mu_sample330	3bjzu
ERR458830	mutant	mu_sample331	dt6m7
ERR458831	mutant	mu_sample332	r32es
ERR458832	mutant	mu_sample333	e6ap3
ERR458833	mutant	mu_sample334	7vp2q
ERR458834	mutant	mu_sample335	y6naw
ERR458835	mutant	mu_sample336	j46yk
ERR459011	wildtype	wt_sample141	uc72b
ERR459012	wildtype	wt_sample142	u6rke
ERR459013	wildtype	wt_sample143	3eqmk
ERR459014	wildtype	wt_sample144	s9pd6
ERR459015	wildtype	wt_sample145	mf7v6
ERR459016	wildtype	wt_sample146	d2agu
ERR459017	wildtype	wt_sample147	uwrq6
ERR459102	wildtype	wt_sample232	kvjwu
ERR459103	wildtype	wt_sample233	x4w8t
ERR459104	wildtype	wt_sample234	u5bxj
ERR459105	wildtype	wt_sample235	gf36z
ERR459106	wildtype	wt_sample236	d3h2f
ERR459107	wildtype	wt_sample237	q43wr
ERR459108	wildtype	wt_sample238	y9ckb
